{
  "project_info": {
    "project_number": "803831475653",
    "project_id": "deardiarysignup",
    "storage_bucket": "deardiarysignup.firebasestorage.app"
  },
  "client": [
    {
      "client_info": {
        "mobilesdk_app_id": "1:803831475653:android:6e7b4a098640b0ddf5efac",
        "android_client_info": {
          "package_name": "com.example.deardiary"
        }
      },
      "oauth_client": [],
      "api_key": [
        {
          "current_key": "AIzaSyAqkmudPJ1llZcZcVWDd-6fCcakdZjYmBg"
        }
      ],
      "services": {
        "appinvite_service": {
          "other_platform_oauth_client": []
        }
      }
    }
  ],
  "configuration_version": "1"
}